score,name,disp,ea,size,lvl,masks,edges,kws,outdeg,indeg
24,FUN_000119cc,FUN_000119cc,0x000119cc,1356,-1,8,0,0,0,0
24,FUN_00038748,FUN_00038748,0x00038748,2172,-1,8,0,0,0,0
21,FUN_0003baf8,FUN_0003baf8,0x0003baf8,3004,-1,7,0,0,0,0
18,FUN_0002380c,FUN_0002380c,0x0002380c,1556,-1,6,0,0,0,0
15,FUN_0001f75c,FUN_0001f75c,0x0001f75c,992,-1,5,0,0,0,0
9,FUN_00023364,FUN_00023364,0x00023364,292,-1,3,0,0,0,0
9,FUN_0002c0bc,FUN_0002c0bc,0x0002c0bc,784,-1,3,0,0,0,0
9,FUN_00037f88,FUN_00037f88,0x00037f88,856,-1,3,0,0,0,0
9,FUN_0003991c,FUN_0003991c,0x0003991c,628,-1,3,0,0,0,0
7,FUN_00007518,FUN_00007518,0x00007518,92,-1,2,0,0,0,0
6,FUN_0000f8e4,phys_FUN_0000f8e4,0x0000f8e4,1156,-1,2,0,0,0,0
6,FUN_00020598,FUN_00020598,0x00020598,308,-1,2,0,0,0,0
6,FUN_000220b4,phys_FUN_000220b4,0x000220b4,448,-1,2,0,0,0,0
6,FUN_00026c68,FUN_00026c68,0x00026c68,484,-1,2,0,0,0,0
6,FUN_0002b2b8,FUN_0002b2b8,0x0002b2b8,848,-1,2,0,0,0,0
6,FUN_0002cd00,FUN_0002cd00,0x0002cd00,520,-1,2,0,0,0,0
6,FUN_0003b9b4,FUN_0003b9b4,0x0003b9b4,324,-1,2,0,0,0,0
4,FUN_00007da4,FUN_00007da4,0x00007da4,104,-1,1,0,0,0,0
4,FUN_0000e90c,FUN_0000e90c,0x0000e90c,192,-1,1,0,0,0,0
4,FUN_00012cc0,FUN_00012cc0,0x00012cc0,248,-1,1,0,0,0,0
4,FUN_000206cc,FUN_000206cc,0x000206cc,220,-1,1,0,0,0,0
4,FUN_000225f8,FUN_000225f8,0x000225f8,104,-1,1,0,0,0,0
4,FUN_0002c964,FUN_0002c964,0x0002c964,924,-1,0,1,0,0,0
4,FUN_000480a4,FUN_000480a4,0x000480a4,172,-1,1,0,0,0,0
3,FUN_0000c2e8,FUN_0000c2e8,0x0000c2e8,388,-1,1,0,0,0,0
3,FUN_0000cce0,FUN_0000cce0,0x0000cce0,944,-1,1,0,0,0,0
3,FUN_0000d398,FUN_0000d398,0x0000d398,384,-1,1,0,0,0,0
3,FUN_000108bc,FUN_000108bc,0x000108bc,864,-1,1,0,0,0,0
3,FUN_000122ec,FUN_000122ec,0x000122ec,1304,-1,1,0,0,0,0
3,FUN_00015064,FUN_00015064,0x00015064,472,-1,1,0,0,0,0
3,FUN_000171a0,FUN_000171a0,0x000171a0,412,-1,1,0,0,0,0
3,FUN_0001cbb4,FUN_0001cbb4,0x0001cbb4,388,-1,1,0,0,0,0
3,FUN_000211b0,FUN_000211b0,0x000211b0,1764,-1,1,0,0,0,0
3,FUN_00021c74,FUN_00021c74,0x00021c74,1088,-1,1,0,0,0,0
3,FUN_00023488,FUN_00023488,0x00023488,528,-1,1,0,0,0,1
3,FUN_00024454,FUN_00024454,0x00024454,260,-1,1,0,0,0,0
3,FUN_00024558,FUN_00024558,0x00024558,1020,-1,1,0,0,0,0
3,FUN_000249e4,FUN_000249e4,0x000249e4,696,-1,1,0,0,0,0
3,FUN_00027304,FUN_00027304,0x00027304,528,-1,1,0,0,0,0
3,FUN_0002cf08,FUN_0002cf08,0x0002cf08,304,-1,1,0,0,0,0
3,FUN_0002ffac,FUN_0002ffac,0x0002ffac,1980,-1,1,0,0,0,0
3,FUN_00031048,FUN_00031048,0x00031048,1080,-1,1,0,0,0,0
3,FUN_00031480,FUN_00031480,0x00031480,260,-1,1,0,0,0,0
3,FUN_0003360c,FUN_0003360c,0x0003360c,484,-1,1,0,0,0,0
3,FUN_00033f50,FUN_00033f50,0x00033f50,2744,-1,1,0,0,0,0
3,FUN_0003a25c,FUN_0003a25c,0x0003a25c,812,-1,1,0,0,0,0
3,FUN_0003b264,FUN_0003b264,0x0003b264,1556,-1,1,0,0,0,0
3,FUN_0003d6a8,FUN_0003d6a8,0x0003d6a8,576,-1,1,0,0,0,0
3,FUN_000412d8,FUN_000412d8,0x000412d8,1196,-1,1,0,0,0,0
3,FUN_000438fc,FUN_000438fc,0x000438fc,2468,-1,1,0,0,0,0
3,FUN_00044a14,FUN_00044a14,0x00044a14,1388,-1,1,0,0,0,0
3,FUN_00046024,FUN_00046024,0x00046024,1132,-1,1,0,0,0,0
3,FUN_000496b8,phys_FUN_000496b8,0x000496b8,712,-1,1,0,0,0,0
1,FUN_00004a10,FUN_00004a10,0x00004a10,120,-1,0,0,0,0,0
1,FUN_0000583c,FUN_0000583c,0x0000583c,92,-1,0,0,0,0,0
1,FUN_000058a8,FUN_000058a8,0x000058a8,68,-1,0,0,0,0,0
1,FUN_00005a3c,FUN_00005a3c,0x00005a3c,120,-1,0,0,0,0,0
1,FUN_00005abc,FUN_00005abc,0x00005abc,44,-1,0,0,0,0,0
1,FUN_00005ae8,FUN_00005ae8,0x00005ae8,60,-1,0,0,0,0,0
1,FUN_00005b24,FUN_00005b24,0x00005b24,252,-1,0,0,0,0,0
1,FUN_00005c20,FUN_00005c20,0x00005c20,104,-1,0,0,0,0,0
1,FUN_00005ca0,FUN_00005ca0,0x00005ca0,116,-1,0,0,0,0,0
1,FUN_00005d14,FUN_00005d14,0x00005d14,156,-1,0,0,0,0,0
1,FUN_00005db0,FUN_00005db0,0x00005db0,100,-1,0,0,0,0,0
1,FUN_00005e14,FUN_00005e14,0x00005e14,60,-1,0,0,0,0,0
1,FUN_00005e50,FUN_00005e50,0x00005e50,148,-1,0,0,0,0,0
1,FUN_00005ee4,FUN_00005ee4,0x00005ee4,56,-1,0,0,0,0,0
1,FUN_00005f1c,FUN_00005f1c,0x00005f1c,44,-1,0,0,0,0,0
1,FUN_00005f48,FUN_00005f48,0x00005f48,60,-1,0,0,0,0,0
1,FUN_00005f84,FUN_00005f84,0x00005f84,232,-1,0,0,0,0,0
1,FUN_0000606c,FUN_0000606c,0x0000606c,144,-1,0,0,0,0,0
1,FUN_000060fc,FUN_000060fc,0x000060fc,116,-1,0,0,0,0,0
1,FUN_00006170,FUN_00006170,0x00006170,80,-1,0,0,0,0,0
1,FUN_000061c0,FUN_000061c0,0x000061c0,76,-1,0,0,0,0,0
1,FUN_0000620c,FUN_0000620c,0x0000620c,52,-1,0,0,0,0,0
1,FUN_00006240,FUN_00006240,0x00006240,52,-1,0,0,0,0,0
1,FUN_00006274,FUN_00006274,0x00006274,84,-1,0,0,0,0,0
1,FUN_000062c8,FUN_000062c8,0x000062c8,84,-1,0,0,0,0,0
1,FUN_0000631c,FUN_0000631c,0x0000631c,72,-1,0,0,0,0,0
1,FUN_00006364,FUN_00006364,0x00006364,72,-1,0,0,0,0,0
1,FUN_000063ac,FUN_000063ac,0x000063ac,72,-1,0,0,0,0,0
1,FUN_000063f4,FUN_000063f4,0x000063f4,52,-1,0,0,0,0,0
1,FUN_00006428,FUN_00006428,0x00006428,60,-1,0,0,0,0,0
1,FUN_00006464,FUN_00006464,0x00006464,88,-1,0,0,0,0,0
1,FUN_000064bc,FUN_000064bc,0x000064bc,76,-1,0,0,0,0,0
1,FUN_00006508,FUN_00006508,0x00006508,136,-1,0,0,0,0,0
1,FUN_000065c8,FUN_000065c8,0x000065c8,88,-1,0,0,0,0,0
1,FUN_00006620,FUN_00006620,0x00006620,60,-1,0,0,0,0,0
1,FUN_0000665c,FUN_0000665c,0x0000665c,76,-1,0,0,0,0,0
1,FUN_000066a8,FUN_000066a8,0x000066a8,68,-1,0,0,0,0,0
1,FUN_000066ec,FUN_000066ec,0x000066ec,68,-1,0,0,0,0,0
1,FUN_00006730,FUN_00006730,0x00006730,104,-1,0,0,0,0,0
1,FUN_00006798,FUN_00006798,0x00006798,52,-1,0,0,0,0,0
1,FUN_000067cc,FUN_000067cc,0x000067cc,52,-1,0,0,0,0,0
1,FUN_00006800,FUN_00006800,0x00006800,96,-1,0,0,0,0,0
1,FUN_00006860,phys_FUN_00006860,0x00006860,152,-1,0,0,0,0,0
1,FUN_00006958,phys_FUN_00006958,0x00006958,152,-1,0,0,0,0,0
1,FUN_00006a50,phys_FUN_00006a50,0x00006a50,152,-1,0,0,0,0,0
1,FUN_00006b48,FUN_00006b48,0x00006b48,140,-1,0,0,0,0,0
1,FUN_00006bd4,FUN_00006bd4,0x00006bd4,68,-1,0,0,0,0,0
1,FUN_00006c18,FUN_00006c18,0x00006c18,84,-1,0,0,0,0,0
1,FUN_00006c6c,FUN_00006c6c,0x00006c6c,76,-1,0,0,0,0,0
1,FUN_00006dd0,FUN_00006dd0,0x00006dd0,168,-1,0,0,0,0,0
1,FUN_00006e78,FUN_00006e78,0x00006e78,144,-1,0,0,0,0,0
1,FUN_00006f08,FUN_00006f08,0x00006f08,136,-1,0,0,0,0,0
1,FUN_00006f90,FUN_00006f90,0x00006f90,148,-1,0,0,0,0,0
1,FUN_00007024,FUN_00007024,0x00007024,96,-1,0,0,0,0,0
1,FUN_00007084,FUN_00007084,0x00007084,144,-1,0,0,0,0,0
1,FUN_00007114,FUN_00007114,0x00007114,36,-1,0,0,0,0,0
1,FUN_00007138,FUN_00007138,0x00007138,88,-1,0,0,0,0,0
1,FUN_000071b8,FUN_000071b8,0x000071b8,52,-1,0,0,0,0,0
1,FUN_00007310,FUN_00007310,0x00007310,220,-1,0,0,0,0,0
1,FUN_000073ec,FUN_000073ec,0x000073ec,48,-1,0,0,0,0,0
1,FUN_0000741c,FUN_0000741c,0x0000741c,36,-1,0,0,0,0,0
1,FUN_00007440,FUN_00007440,0x00007440,36,-1,0,0,0,0,0
1,FUN_00007464,FUN_00007464,0x00007464,36,-1,0,0,0,0,0
1,FUN_00007488,FUN_00007488,0x00007488,36,-1,0,0,0,0,0
1,FUN_000074ac,FUN_000074ac,0x000074ac,40,-1,0,0,0,0,0
1,FUN_000074d4,FUN_000074d4,0x000074d4,68,-1,0,0,0,0,0
1,FUN_00007574,FUN_00007574,0x00007574,36,-1,0,0,0,0,0
1,FUN_00007598,FUN_00007598,0x00007598,72,-1,0,0,0,0,0
1,FUN_000075e0,FUN_000075e0,0x000075e0,40,-1,0,0,0,0,0
1,FUN_00007608,FUN_00007608,0x00007608,36,-1,0,0,0,0,0
1,FUN_0000762c,FUN_0000762c,0x0000762c,84,-1,0,0,0,0,0
1,FUN_00007680,FUN_00007680,0x00007680,144,-1,0,0,0,0,0
1,FUN_00007710,FUN_00007710,0x00007710,116,-1,0,0,0,0,0
1,FUN_00007784,FUN_00007784,0x00007784,116,-1,0,0,0,0,0
1,FUN_000077f8,FUN_000077f8,0x000077f8,48,-1,0,0,0,0,0
1,FUN_00007828,FUN_00007828,0x00007828,112,-1,0,0,0,0,0
1,FUN_00007898,FUN_00007898,0x00007898,68,-1,0,0,0,0,0
1,FUN_000078dc,FUN_000078dc,0x000078dc,44,-1,0,0,0,0,0
1,FUN_00007908,FUN_00007908,0x00007908,52,-1,0,0,0,0,0
1,FUN_0000793c,FUN_0000793c,0x0000793c,128,-1,0,0,0,0,0
1,FUN_000079bc,FUN_000079bc,0x000079bc,44,-1,0,0,0,0,0
1,FUN_000079e8,FUN_000079e8,0x000079e8,140,-1,0,0,0,0,0
1,FUN_00007a74,FUN_00007a74,0x00007a74,60,-1,0,0,0,0,0
1,FUN_00007ab0,FUN_00007ab0,0x00007ab0,68,-1,0,0,0,0,0
1,FUN_00007b44,FUN_00007b44,0x00007b44,212,-1,0,0,0,0,0
1,FUN_00007c18,FUN_00007c18,0x00007c18,80,-1,0,0,0,0,0
1,FUN_00007c68,FUN_00007c68,0x00007c68,92,-1,0,0,0,0,0
1,FUN_00007cc4,FUN_00007cc4,0x00007cc4,80,-1,0,0,0,0,0
1,FUN_00007d14,FUN_00007d14,0x00007d14,144,-1,0,0,0,0,0
1,FUN_00007e0c,FUN_00007e0c,0x00007e0c,52,-1,0,0,0,0,0
1,FUN_00007e40,FUN_00007e40,0x00007e40,80,-1,0,0,0,0,0
1,FUN_00007e90,FUN_00007e90,0x00007e90,128,-1,0,0,0,0,0
1,FUN_00007f10,FUN_00007f10,0x00007f10,180,-1,0,0,0,0,0
1,FUN_00007fc4,FUN_00007fc4,0x00007fc4,124,-1,0,0,0,0,0
1,FUN_00008040,FUN_00008040,0x00008040,68,-1,0,0,0,0,0
1,FUN_00008084,FUN_00008084,0x00008084,92,-1,0,0,0,0,0
1,FUN_000080e0,FUN_000080e0,0x000080e0,60,-1,0,0,0,0,0
1,FUN_0000811c,FUN_0000811c,0x0000811c,60,-1,0,0,0,0,0
1,FUN_00008158,FUN_00008158,0x00008158,200,-1,0,0,0,0,0
1,FUN_00008220,FUN_00008220,0x00008220,204,-1,0,0,0,0,0
1,FUN_000082ec,FUN_000082ec,0x000082ec,192,-1,0,0,0,0,0
1,FUN_000083ac,FUN_000083ac,0x000083ac,192,-1,0,0,0,0,0
1,FUN_0000846c,FUN_0000846c,0x0000846c,192,-1,0,0,0,0,0
1,FUN_0000852c,FUN_0000852c,0x0000852c,228,-1,0,0,0,0,0
1,FUN_00008610,FUN_00008610,0x00008610,244,-1,0,0,0,0,0
1,FUN_0000880c,FUN_0000880c,0x0000880c,44,-1,0,0,0,0,0
1,FUN_00008838,FUN_00008838,0x00008838,84,-1,0,0,0,0,0
1,FUN_00008b78,FUN_00008b78,0x00008b78,136,-1,0,0,0,0,0
1,FUN_00008c00,FUN_00008c00,0x00008c00,152,-1,0,0,0,0,0
1,FUN_00008c98,FUN_00008c98,0x00008c98,76,-1,0,0,0,0,0
1,FUN_00008ce4,FUN_00008ce4,0x00008ce4,120,-1,0,0,0,0,0
1,FUN_00008d5c,FUN_00008d5c,0x00008d5c,136,-1,0,0,0,0,0
1,FUN_00008de4,FUN_00008de4,0x00008de4,196,-1,0,0,0,0,0
1,FUN_00008ea8,FUN_00008ea8,0x00008ea8,228,-1,0,0,0,0,0
1,FUN_00008f8c,FUN_00008f8c,0x00008f8c,36,-1,0,0,0,0,0
1,FUN_00008fb0,FUN_00008fb0,0x00008fb0,108,-1,0,0,0,0,0
1,FUN_000090ec,FUN_000090ec,0x000090ec,84,-1,0,0,0,0,0
1,FUN_00009140,FUN_00009140,0x00009140,84,-1,0,0,0,0,0
1,FUN_00009194,FUN_00009194,0x00009194,84,-1,0,0,0,0,0
1,FUN_000091fc,FUN_000091fc,0x000091fc,100,-1,0,0,0,0,0
1,FUN_00009274,FUN_00009274,0x00009274,88,-1,0,0,0,0,0
1,FUN_000092cc,FUN_000092cc,0x000092cc,108,-1,0,0,0,0,0
1,FUN_00009338,FUN_00009338,0x00009338,36,-1,0,0,0,0,0
1,FUN_0000935c,FUN_0000935c,0x0000935c,64,-1,0,0,0,0,0
1,FUN_00009638,FUN_00009638,0x00009638,68,-1,0,0,0,0,0
1,FUN_0000967c,FUN_0000967c,0x0000967c,84,-1,0,0,0,0,0
1,FUN_0000976c,FUN_0000976c,0x0000976c,84,-1,0,0,0,0,0
1,FUN_000097c0,FUN_000097c0,0x000097c0,84,-1,0,0,0,0,0
1,FUN_00009814,FUN_00009814,0x00009814,84,-1,0,0,0,0,0
1,FUN_00009868,FUN_00009868,0x00009868,84,-1,0,0,0,0,0
1,FUN_000098bc,FUN_000098bc,0x000098bc,84,-1,0,0,0,0,0
1,FUN_00009928,FUN_00009928,0x00009928,84,-1,0,0,0,0,0
1,FUN_00009afc,phys_FUN_00009afc,0x00009afc,160,-1,0,0,0,0,0
1,FUN_0000aa54,FUN_0000aa54,0x0000aa54,40,-1,0,0,0,0,0
1,FUN_0000aa7c,FUN_0000aa7c,0x0000aa7c,120,-1,0,0,0,0,0
1,FUN_0000aaf4,FUN_0000aaf4,0x0000aaf4,72,-1,0,0,0,0,0
1,FUN_0000ab3c,FUN_0000ab3c,0x0000ab3c,68,-1,0,0,0,0,0
1,FUN_0000ab80,FUN_0000ab80,0x0000ab80,36,-1,0,0,0,0,0
1,FUN_0000aba4,FUN_0000aba4,0x0000aba4,36,-1,0,0,0,0,0
1,FUN_0000ac34,FUN_0000ac34,0x0000ac34,64,-1,0,0,0,0,0
1,FUN_0000ac74,FUN_0000ac74,0x0000ac74,104,-1,0,0,0,0,0
1,FUN_0000acdc,FUN_0000acdc,0x0000acdc,92,-1,0,0,0,0,0
1,FUN_0000ad70,FUN_0000ad70,0x0000ad70,228,-1,0,0,0,0,0
1,FUN_0000b09c,phys_FUN_0000b09c,0x0000b09c,224,-1,0,0,0,0,0
1,FUN_0000c020,FUN_0000c020,0x0000c020,236,-1,0,0,0,0,0
1,FUN_0000c26c,FUN_0000c26c,0x0000c26c,124,-1,0,0,0,0,0
1,FUN_0000c4ac,FUN_0000c4ac,0x0000c4ac,136,-1,0,0,0,0,0
1,FUN_0000c534,FUN_0000c534,0x0000c534,164,-1,0,0,0,0,0
1,FUN_0000c5d8,FUN_0000c5d8,0x0000c5d8,96,-1,0,0,0,0,0
1,FUN_0000c638,FUN_0000c638,0x0000c638,96,-1,0,0,0,0,0
1,FUN_0000c698,FUN_0000c698,0x0000c698,112,-1,0,0,0,0,0
1,FUN_0000c710,FUN_0000c710,0x0000c710,156,-1,0,0,0,0,0
1,FUN_0000c8bc,FUN_0000c8bc,0x0000c8bc,84,-1,0,0,0,0,0
1,FUN_0000c910,FUN_0000c910,0x0000c910,236,-1,0,0,0,0,0
1,FUN_0000c9fc,FUN_0000c9fc,0x0000c9fc,204,-1,0,0,0,0,0
1,FUN_0000cac8,FUN_0000cac8,0x0000cac8,128,-1,0,0,0,0,0
1,FUN_0000cb48,FUN_0000cb48,0x0000cb48,228,-1,0,0,0,0,0
1,FUN_0000cc9c,FUN_0000cc9c,0x0000cc9c,68,-1,0,0,0,0,0
1,FUN_0000d1f4,phys_FUN_0000d1f4,0x0000d1f4,216,-1,0,0,0,0,0
1,FUN_0000d318,FUN_0000d318,0x0000d318,128,-1,0,0,0,0,0
1,FUN_0000d518,FUN_0000d518,0x0000d518,44,-1,0,0,0,0,0
1,FUN_0000d5a0,FUN_0000d5a0,0x0000d5a0,44,-1,0,0,0,0,0
1,FUN_0000d5cc,FUN_0000d5cc,0x0000d5cc,128,-1,0,0,0,0,0
1,FUN_0000d6f8,FUN_0000d6f8,0x0000d6f8,124,-1,0,0,0,0,0
1,FUN_0000d774,FUN_0000d774,0x0000d774,44,-1,0,0,0,0,0
1,FUN_0000d7a0,FUN_0000d7a0,0x0000d7a0,76,-1,0,0,0,0,0
1,FUN_0000d9a0,phys_FUN_0000d9a0,0x0000d9a0,156,-1,0,0,0,0,0
1,FUN_0000db64,FUN_0000db64,0x0000db64,80,-1,0,0,0,0,0
1,FUN_0000dbb4,FUN_0000dbb4,0x0000dbb4,176,-1,0,0,0,0,0
1,FUN_0000dc64,FUN_0000dc64,0x0000dc64,80,-1,0,0,0,0,0
1,FUN_0000dcd4,FUN_0000dcd4,0x0000dcd4,256,-1,0,0,0,0,0
1,FUN_0000dee4,FUN_0000dee4,0x0000dee4,76,-1,0,0,0,0,0
1,FUN_0000e9cc,phys_FUN_0000e9cc,0x0000e9cc,124,-1,0,0,0,0,0
1,FUN_0000f3e4,FUN_0000f3e4,0x0000f3e4,128,-1,0,0,0,0,0
1,FUN_00010684,FUN_00010684,0x00010684,72,-1,0,0,0,0,0
1,FUN_000107d8,FUN_000107d8,0x000107d8,80,-1,0,0,0,0,0
1,FUN_00010828,FUN_00010828,0x00010828,148,-1,0,0,0,0,0
1,FUN_000111c8,phys_FUN_000111c8,0x000111c8,92,-1,0,0,0,0,0
1,FUN_0001132c,FUN_0001132c,0x0001132c,244,-1,0,0,0,0,0
1,FUN_00011420,FUN_00011420,0x00011420,156,-1,0,0,0,0,0
1,FUN_000114bc,FUN_000114bc,0x000114bc,80,-1,0,0,0,0,0
1,FUN_000116a4,FUN_000116a4,0x000116a4,80,-1,0,0,0,0,0
1,FUN_00012024,FUN_00012024,0x00012024,112,-1,0,0,0,0,0
1,FUN_00012130,FUN_00012130,0x00012130,104,-1,0,0,0,0,0
1,FUN_00012198,FUN_00012198,0x00012198,140,-1,0,0,0,0,0
1,FUN_00012224,FUN_00012224,0x00012224,104,-1,0,0,0,0,0
1,FUN_0001228c,FUN_0001228c,0x0001228c,96,-1,0,0,0,0,0
1,FUN_00012f28,FUN_00012f28,0x00012f28,104,-1,0,0,0,0,0
1,FUN_00012f90,FUN_00012f90,0x00012f90,140,-1,0,0,0,0,0
1,FUN_000136e0,FUN_000136e0,0x000136e0,72,-1,0,0,0,0,0
1,FUN_00013834,FUN_00013834,0x00013834,80,-1,0,0,0,0,0
1,FUN_00013884,FUN_00013884,0x00013884,64,-1,0,0,0,0,0
1,FUN_00013c80,FUN_00013c80,0x00013c80,96,-1,0,0,0,0,0
1,FUN_00013d4c,FUN_00013d4c,0x00013d4c,80,-1,0,0,0,0,0
1,FUN_00013d9c,FUN_00013d9c,0x00013d9c,60,-1,0,0,0,0,0
1,FUN_00013f08,FUN_00013f08,0x00013f08,80,-1,0,0,0,0,0
1,FUN_00013f58,FUN_00013f58,0x00013f58,136,-1,0,0,0,0,0
1,FUN_00013fe0,FUN_00013fe0,0x00013fe0,244,-1,0,0,0,0,0
1,FUN_000145a4,FUN_000145a4,0x000145a4,80,-1,0,0,0,0,0
1,FUN_000145f4,FUN_000145f4,0x000145f4,204,-1,0,0,0,0,0
1,FUN_00014f08,FUN_00014f08,0x00014f08,156,-1,0,0,0,0,0
1,FUN_00014fa4,FUN_00014fa4,0x00014fa4,192,-1,0,0,0,0,0
1,FUN_0001523c,FUN_0001523c,0x0001523c,80,-1,0,0,0,0,0
1,FUN_000153ec,FUN_000153ec,0x000153ec,80,-1,0,0,0,0,0
1,FUN_0001543c,FUN_0001543c,0x0001543c,124,-1,0,0,0,0,0
1,FUN_000154b8,FUN_000154b8,0x000154b8,80,-1,0,0,0,0,0
1,FUN_00015508,FUN_00015508,0x00015508,60,-1,0,0,0,0,0
1,FUN_00015544,FUN_00015544,0x00015544,80,-1,0,0,0,0,0
1,FUN_00015618,FUN_00015618,0x00015618,80,-1,0,0,0,0,0
1,FUN_00015668,FUN_00015668,0x00015668,132,-1,0,0,0,0,0
1,FUN_000156ec,FUN_000156ec,0x000156ec,80,-1,0,0,0,0,0
1,FUN_000158f0,FUN_000158f0,0x000158f0,80,-1,0,0,0,0,0
1,FUN_00015940,FUN_00015940,0x00015940,80,-1,0,0,0,0,0
1,FUN_00015990,FUN_00015990,0x00015990,80,-1,0,0,0,0,0
1,FUN_00015b54,FUN_00015b54,0x00015b54,80,-1,0,0,0,0,0
1,FUN_00015ba4,FUN_00015ba4,0x00015ba4,88,-1,0,0,0,0,0
1,FUN_00015bfc,FUN_00015bfc,0x00015bfc,80,-1,0,0,0,0,0
1,FUN_00015c4c,FUN_00015c4c,0x00015c4c,72,-1,0,0,0,0,0
1,FUN_00017340,FUN_00017340,0x00017340,56,-1,0,0,0,0,0
1,FUN_00017c08,FUN_00017c08,0x00017c08,168,-1,0,0,0,0,0
1,FUN_00017cb0,FUN_00017cb0,0x00017cb0,192,-1,0,0,0,0,0
1,FUN_00017fa4,FUN_00017fa4,0x00017fa4,112,-1,0,0,0,0,0
1,FUN_00018014,FUN_00018014,0x00018014,156,-1,0,0,0,0,0
1,FUN_00018648,FUN_00018648,0x00018648,52,-1,0,0,0,0,0
1,FUN_00018d1c,FUN_00018d1c,0x00018d1c,88,-1,0,0,0,0,0
1,FUN_00018d74,FUN_00018d74,0x00018d74,208,-1,0,0,0,0,0
1,FUN_00018e44,FUN_00018e44,0x00018e44,84,-1,0,0,0,0,0
1,FUN_000192cc,FUN_000192cc,0x000192cc,124,-1,0,0,0,0,0
1,FUN_00019348,FUN_00019348,0x00019348,88,-1,0,0,0,0,0
1,FUN_000196d0,FUN_000196d0,0x000196d0,208,-1,0,0,0,0,0
1,FUN_000197a0,FUN_000197a0,0x000197a0,212,-1,0,0,0,0,0
1,FUN_0001987c,FUN_0001987c,0x0001987c,252,-1,0,0,0,0,0
1,FUN_00019978,FUN_00019978,0x00019978,112,-1,0,0,0,0,0
1,FUN_000199e8,FUN_000199e8,0x000199e8,160,-1,0,0,0,0,0
1,FUN_00019eac,FUN_00019eac,0x00019eac,224,-1,0,0,0,0,0
1,FUN_0001a568,FUN_0001a568,0x0001a568,88,-1,0,0,0,0,0
1,FUN_0001a5c0,FUN_0001a5c0,0x0001a5c0,32,-1,0,0,0,0,0
1,FUN_0001a5e0,FUN_0001a5e0,0x0001a5e0,88,-1,0,0,0,0,0
1,FUN_0001a638,FUN_0001a638,0x0001a638,80,-1,0,0,0,0,0
1,FUN_0001a688,FUN_0001a688,0x0001a688,124,-1,0,0,0,0,0
1,FUN_0001a704,FUN_0001a704,0x0001a704,80,-1,0,0,0,0,0
1,FUN_0001a754,FUN_0001a754,0x0001a754,124,-1,0,0,0,0,0
1,FUN_0001a7d0,FUN_0001a7d0,0x0001a7d0,80,-1,0,0,0,0,0
1,FUN_0001a958,FUN_0001a958,0x0001a958,208,-1,0,0,0,0,0
1,FUN_0001aa28,FUN_0001aa28,0x0001aa28,80,-1,0,0,0,0,0
1,FUN_0001aa78,FUN_0001aa78,0x0001aa78,72,-1,0,0,0,0,0
1,FUN_0001aac0,FUN_0001aac0,0x0001aac0,80,-1,0,0,0,0,0
1,FUN_0001ab10,FUN_0001ab10,0x0001ab10,72,-1,0,0,0,0,0
1,FUN_0001ab58,FUN_0001ab58,0x0001ab58,80,-1,0,0,0,0,0
1,FUN_0001aba8,FUN_0001aba8,0x0001aba8,72,-1,0,0,0,0,0
1,FUN_0001abf0,FUN_0001abf0,0x0001abf0,80,-1,0,0,0,0,0
1,FUN_0001ac40,FUN_0001ac40,0x0001ac40,72,-1,0,0,0,0,0
1,FUN_0001ac88,FUN_0001ac88,0x0001ac88,80,-1,0,0,0,0,0
1,FUN_0001acd8,FUN_0001acd8,0x0001acd8,72,-1,0,0,0,0,0
1,FUN_0001ad20,FUN_0001ad20,0x0001ad20,80,-1,0,0,0,0,0
1,FUN_0001ad70,FUN_0001ad70,0x0001ad70,72,-1,0,0,0,0,0
1,FUN_0001adb8,FUN_0001adb8,0x0001adb8,236,-1,0,0,0,0,0
1,FUN_0001aea4,FUN_0001aea4,0x0001aea4,224,-1,0,0,0,0,0
1,FUN_0001b148,FUN_0001b148,0x0001b148,80,-1,0,0,0,0,0
1,FUN_0001b454,FUN_0001b454,0x0001b454,160,-1,0,0,0,0,0
1,FUN_0001b4f4,FUN_0001b4f4,0x0001b4f4,80,-1,0,0,0,0,0
1,FUN_0001b934,FUN_0001b934,0x0001b934,176,-1,0,0,0,0,0
1,FUN_0001b9e4,FUN_0001b9e4,0x0001b9e4,80,-1,0,0,0,0,0
1,FUN_0001bd1c,FUN_0001bd1c,0x0001bd1c,80,-1,0,0,0,0,0
1,FUN_0001bd6c,FUN_0001bd6c,0x0001bd6c,124,-1,0,0,0,0,0
1,FUN_0001c370,FUN_0001c370,0x0001c370,80,-1,0,0,0,0,0
1,FUN_0001c3ec,FUN_0001c3ec,0x0001c3ec,116,-1,0,0,0,0,0
1,FUN_0001c460,FUN_0001c460,0x0001c460,80,-1,0,0,0,0,0
1,FUN_0001c774,FUN_0001c774,0x0001c774,80,-1,0,0,0,0,0
1,FUN_0001c7c4,FUN_0001c7c4,0x0001c7c4,80,-1,0,0,0,0,0
1,FUN_0001c814,FUN_0001c814,0x0001c814,116,-1,0,0,0,0,0
1,FUN_0001c888,FUN_0001c888,0x0001c888,80,-1,0,0,0,0,0
1,FUN_0001c8d8,FUN_0001c8d8,0x0001c8d8,80,-1,0,0,0,0,0
1,FUN_0001c928,FUN_0001c928,0x0001c928,84,-1,0,0,0,0,0
1,FUN_0001c97c,FUN_0001c97c,0x0001c97c,80,-1,0,0,0,0,0
1,FUN_0001c9cc,FUN_0001c9cc,0x0001c9cc,80,-1,0,0,0,0,0
1,FUN_0001ca1c,FUN_0001ca1c,0x0001ca1c,84,-1,0,0,0,0,0
1,FUN_0001ca70,FUN_0001ca70,0x0001ca70,80,-1,0,0,0,0,0
1,FUN_0001cac0,FUN_0001cac0,0x0001cac0,80,-1,0,0,0,0,0
1,FUN_0001cb10,FUN_0001cb10,0x0001cb10,84,-1,0,0,0,0,0
1,FUN_0001cb64,FUN_0001cb64,0x0001cb64,80,-1,0,0,0,0,0
1,FUN_0001cd38,FUN_0001cd38,0x0001cd38,80,-1,0,0,0,0,0
1,FUN_0001cd88,FUN_0001cd88,0x0001cd88,120,-1,0,0,0,0,0
1,FUN_0001cf74,FUN_0001cf74,0x0001cf74,80,-1,0,0,0,0,0
1,FUN_0001cfc4,FUN_0001cfc4,0x0001cfc4,44,-1,0,0,0,0,0
1,FUN_0001cff0,FUN_0001cff0,0x0001cff0,228,-1,0,0,0,0,0
1,FUN_0001d0d4,FUN_0001d0d4,0x0001d0d4,44,-1,0,0,0,0,0
1,FUN_0001d100,FUN_0001d100,0x0001d100,176,-1,0,0,0,0,0
1,FUN_0001d1b0,FUN_0001d1b0,0x0001d1b0,80,-1,0,0,0,0,0
1,FUN_0001d200,FUN_0001d200,0x0001d200,84,-1,0,0,0,0,0
1,FUN_0001d604,FUN_0001d604,0x0001d604,132,-1,0,0,0,0,0
1,FUN_0001d688,FUN_0001d688,0x0001d688,164,-1,0,0,0,0,0
1,FUN_0001e7bc,FUN_0001e7bc,0x0001e7bc,80,-1,0,0,0,0,0
1,FUN_0001e80c,FUN_0001e80c,0x0001e80c,108,-1,0,0,0,0,0
1,FUN_0001e88c,FUN_0001e88c,0x0001e88c,80,-1,0,0,0,0,0
1,FUN_0001e8dc,FUN_0001e8dc,0x0001e8dc,156,-1,0,0,0,0,0
1,FUN_0001efbc,FUN_0001efbc,0x0001efbc,220,-1,0,0,0,0,0
1,FUN_0001f098,FUN_0001f098,0x0001f098,236,-1,0,0,0,0,0
1,FUN_0001f1c0,FUN_0001f1c0,0x0001f1c0,88,-1,0,0,0,0,0
1,FUN_0001f410,FUN_0001f410,0x0001f410,84,-1,0,0,0,0,0
1,FUN_0001f464,FUN_0001f464,0x0001f464,68,-1,0,0,0,0,0
1,FUN_0001f4a8,FUN_0001f4a8,0x0001f4a8,76,-1,0,0,0,0,0
1,FUN_0001f4f4,FUN_0001f4f4,0x0001f4f4,60,-1,0,0,0,0,0
1,FUN_0001f530,FUN_0001f530,0x0001f530,40,-1,0,0,0,0,0
1,FUN_0001f558,FUN_0001f558,0x0001f558,148,-1,0,0,0,0,0
1,FUN_0001f5ec,FUN_0001f5ec,0x0001f5ec,148,-1,0,0,0,0,0
1,FUN_0001f680,FUN_0001f680,0x0001f680,40,-1,0,0,0,0,0
1,FUN_0001fb3c,FUN_0001fb3c,0x0001fb3c,116,-1,0,0,0,0,0
1,FUN_0001fbb0,FUN_0001fbb0,0x0001fbb0,100,-1,0,0,0,0,0
1,FUN_0001fc14,FUN_0001fc14,0x0001fc14,108,-1,0,0,0,0,0
1,FUN_00020214,FUN_00020214,0x00020214,36,-1,0,0,0,0,0
1,FUN_00020238,FUN_00020238,0x00020238,36,-1,0,0,0,0,0
1,FUN_0002025c,FUN_0002025c,0x0002025c,40,-1,0,0,0,0,0
1,FUN_00020504,FUN_00020504,0x00020504,108,-1,0,0,0,0,0
1,FUN_00020570,FUN_00020570,0x00020570,40,-1,0,0,0,0,0
1,FUN_00020968,FUN_00020968,0x00020968,52,-1,0,0,0,0,0
1,FUN_0002099c,FUN_0002099c,0x0002099c,8,-1,0,0,0,0,1
1,FUN_000209dc,suspect_FUN_000209dc,0x000209dc,108,-1,0,0,0,0,25
1,FUN_000210a8,FUN_000210a8,0x000210a8,192,-1,0,0,0,0,0
1,FUN_00021168,FUN_00021168,0x00021168,36,-1,0,0,0,0,0
1,FUN_0002118c,FUN_0002118c,0x0002118c,36,-1,0,0,0,0,0
1,FUN_00021b20,FUN_00021b20,0x00021b20,116,-1,0,0,0,0,0
1,FUN_00022398,FUN_00022398,0x00022398,160,-1,0,0,0,0,0
1,FUN_00022438,FUN_00022438,0x00022438,36,-1,0,0,0,0,0
1,FUN_0002245c,FUN_0002245c,0x0002245c,36,-1,0,0,0,0,0
1,FUN_00022480,FUN_00022480,0x00022480,72,-1,0,0,0,0,0
1,FUN_000224c8,FUN_000224c8,0x000224c8,152,-1,0,0,0,0,0
1,FUN_00022560,FUN_00022560,0x00022560,152,-1,0,0,0,0,0
1,FUN_00022660,FUN_00022660,0x00022660,84,-1,0,0,0,0,0
1,FUN_000226c4,FUN_000226c4,0x000226c4,204,-1,0,0,0,0,0
1,FUN_00022924,FUN_00022924,0x00022924,244,-1,0,0,0,0,0
1,FUN_00022a18,FUN_00022a18,0x00022a18,92,-1,0,0,0,0,0
1,FUN_00022bac,FUN_00022bac,0x00022bac,84,-1,0,0,0,0,2
1,FUN_00022c7c,suspect_FUN_00022c7c,0x00022c7c,80,-1,0,0,0,0,6
1,FUN_00022d6c,suspect_FUN_00022d6c,0x00022d6c,92,-1,0,0,0,0,2
1,FUN_00022dc8,FUN_00022dc8,0x00022dc8,148,-1,0,0,0,0,0
1,FUN_00023110,suspect_FUN_00023110,0x00023110,112,-1,0,0,0,0,6
1,FUN_00023180,suspect_FUN_00023180,0x00023180,144,-1,0,0,0,0,15
1,FUN_00023210,suspect_FUN_00023210,0x00023210,216,-1,0,0,0,0,3
1,FUN_000232e8,suspect_FUN_000232e8,0x000232e8,112,-1,0,0,0,0,2
1,FUN_00023358,FUN_00023358,0x00023358,12,-1,0,0,0,0,1
1,FUN_000243b8,FUN_000243b8,0x000243b8,156,-1,0,0,0,0,0
1,FUN_00024c9c,phys_FUN_00024c9c,0x00024c9c,252,-1,0,0,0,0,0
1,FUN_00024ee0,FUN_00024ee0,0x00024ee0,64,-1,0,0,0,0,0
1,FUN_00024f20,FUN_00024f20,0x00024f20,80,-1,0,0,0,0,0
1,FUN_00024fac,FUN_00024fac,0x00024fac,156,-1,0,0,0,0,0
1,FUN_00025048,FUN_00025048,0x00025048,236,-1,0,0,0,0,0
1,FUN_00025134,FUN_00025134,0x00025134,40,-1,0,0,0,0,0
1,FUN_000251ec,FUN_000251ec,0x000251ec,152,-1,0,0,0,0,0
1,FUN_00025888,FUN_00025888,0x00025888,192,-1,0,0,0,0,0
1,FUN_00025af0,FUN_00025af0,0x00025af0,40,-1,0,0,0,0,0
1,FUN_00026344,FUN_00026344,0x00026344,176,-1,0,0,0,0,0
1,FUN_00026438,FUN_00026438,0x00026438,52,-1,0,0,0,0,0
1,FUN_0002646c,FUN_0002646c,0x0002646c,244,-1,0,0,0,0,0
1,FUN_00026560,FUN_00026560,0x00026560,144,-1,0,0,0,0,0
1,FUN_000265f0,FUN_000265f0,0x000265f0,104,-1,0,0,0,0,0
1,FUN_0002669c,FUN_0002669c,0x0002669c,100,-1,0,0,0,0,0
1,FUN_00026700,FUN_00026700,0x00026700,64,-1,0,0,0,0,0
1,FUN_00026740,FUN_00026740,0x00026740,40,-1,0,0,0,0,0
1,FUN_00026768,FUN_00026768,0x00026768,244,-1,0,0,0,0,0
1,FUN_00026e4c,FUN_00026e4c,0x00026e4c,252,-1,0,0,0,0,0
1,FUN_00026f48,FUN_00026f48,0x00026f48,232,-1,0,0,0,0,0
1,FUN_00027078,FUN_00027078,0x00027078,44,-1,0,0,0,0,0
1,FUN_000270a4,FUN_000270a4,0x000270a4,188,-1,0,0,0,0,0
1,FUN_00027514,FUN_00027514,0x00027514,100,-1,0,0,0,0,0
1,FUN_00027578,FUN_00027578,0x00027578,192,-1,0,0,0,0,0
1,FUN_00027638,FUN_00027638,0x00027638,36,-1,0,0,0,0,0
1,FUN_0002765c,FUN_0002765c,0x0002765c,36,-1,0,0,0,0,0
1,FUN_00027680,FUN_00027680,0x00027680,72,-1,0,0,0,0,0
1,FUN_000276c8,FUN_000276c8,0x000276c8,40,-1,0,0,0,0,0
1,FUN_00027724,FUN_00027724,0x00027724,100,-1,0,0,0,0,0
1,FUN_00027788,FUN_00027788,0x00027788,136,-1,0,0,0,0,0
1,FUN_00027810,FUN_00027810,0x00027810,40,-1,0,0,0,0,0
1,FUN_000278f4,FUN_000278f4,0x000278f4,68,-1,0,0,0,0,0
1,FUN_00027938,FUN_00027938,0x00027938,36,-1,0,0,0,0,0
1,FUN_0002795c,FUN_0002795c,0x0002795c,36,-1,0,0,0,0,0
1,FUN_00027980,FUN_00027980,0x00027980,80,-1,0,0,0,0,0
1,FUN_000279d0,FUN_000279d0,0x000279d0,40,-1,0,0,0,0,0
1,FUN_00027a44,FUN_00027a44,0x00027a44,100,-1,0,0,0,0,0
1,FUN_00027b3c,FUN_00027b3c,0x00027b3c,108,-1,0,0,0,0,0
1,FUN_00027ba8,FUN_00027ba8,0x00027ba8,160,-1,0,0,0,0,0
1,FUN_00027c48,FUN_00027c48,0x00027c48,40,-1,0,0,0,0,0
1,FUN_00027e54,FUN_00027e54,0x00027e54,164,-1,0,0,0,0,0
1,FUN_00027ef8,FUN_00027ef8,0x00027ef8,68,-1,0,0,0,0,0
1,FUN_00027f3c,FUN_00027f3c,0x00027f3c,36,-1,0,0,0,0,0
1,FUN_00027f60,FUN_00027f60,0x00027f60,36,-1,0,0,0,0,0
1,FUN_000282b4,FUN_000282b4,0x000282b4,168,-1,0,0,0,0,0
1,FUN_0002835c,FUN_0002835c,0x0002835c,156,-1,0,0,0,0,0
1,FUN_00028ad0,FUN_00028ad0,0x00028ad0,224,-1,0,0,0,0,0
1,FUN_00028c60,FUN_00028c60,0x00028c60,176,-1,0,0,0,0,0
1,FUN_00028d10,FUN_00028d10,0x00028d10,104,-1,0,0,0,0,0
1,FUN_00028e58,FUN_00028e58,0x00028e58,156,-1,0,0,0,0,0
1,FUN_00028ef4,FUN_00028ef4,0x00028ef4,208,-1,0,0,0,0,0
1,FUN_00029190,FUN_00029190,0x00029190,80,-1,0,0,0,0,0
1,FUN_000291e0,FUN_000291e0,0x000291e0,40,-1,0,0,0,0,0
1,FUN_00029254,FUN_00029254,0x00029254,108,-1,0,0,0,0,0
1,FUN_000292c0,FUN_000292c0,0x000292c0,160,-1,0,0,0,0,0
1,FUN_00029360,FUN_00029360,0x00029360,56,-1,0,0,0,0,0
1,FUN_00029440,FUN_00029440,0x00029440,100,-1,0,0,0,0,0
1,FUN_00029644,FUN_00029644,0x00029644,164,-1,0,0,0,0,0
1,FUN_0002983c,FUN_0002983c,0x0002983c,212,-1,0,0,0,0,0
1,FUN_00029a18,FUN_00029a18,0x00029a18,68,-1,0,0,0,0,0
1,FUN_00029a5c,FUN_00029a5c,0x00029a5c,36,-1,0,0,0,0,0
1,FUN_00029a80,FUN_00029a80,0x00029a80,36,-1,0,0,0,0,0
1,FUN_00029aa4,FUN_00029aa4,0x00029aa4,52,-1,0,0,0,0,0
1,FUN_00029ad8,FUN_00029ad8,0x00029ad8,84,-1,0,0,0,0,0
1,FUN_00029b2c,FUN_00029b2c,0x00029b2c,248,-1,0,0,0,0,0
1,FUN_0002a5f4,phys_FUN_0002a5f4,0x0002a5f4,248,-1,0,0,0,0,0
1,FUN_0002ac80,FUN_0002ac80,0x0002ac80,224,-1,0,0,0,0,0
1,FUN_0002b1b8,FUN_0002b1b8,0x0002b1b8,128,-1,0,0,0,0,0
1,FUN_0002b608,FUN_0002b608,0x0002b608,244,-1,0,0,0,0,0
1,FUN_0002bbe0,FUN_0002bbe0,0x0002bbe0,80,-1,0,0,0,0,0
1,FUN_0002bc30,FUN_0002bc30,0x0002bc30,40,-1,0,0,0,0,0
1,FUN_0002bc94,FUN_0002bc94,0x0002bc94,108,-1,0,0,0,0,0
1,FUN_0002bd00,FUN_0002bd00,0x0002bd00,192,-1,0,0,0,0,0
1,FUN_0002bdc0,FUN_0002bdc0,0x0002bdc0,56,-1,0,0,0,0,0
1,FUN_0002bed4,FUN_0002bed4,0x0002bed4,168,-1,0,0,0,0,0
1,FUN_0002c080,FUN_0002c080,0x0002c080,60,-1,0,0,0,0,0
1,FUN_0002c3cc,FUN_0002c3cc,0x0002c3cc,68,-1,0,0,0,0,0
1,FUN_0002c410,FUN_0002c410,0x0002c410,36,-1,0,0,0,0,0
1,FUN_0002c434,FUN_0002c434,0x0002c434,36,-1,0,0,0,0,0
1,FUN_0002c488,FUN_0002c488,0x0002c488,40,-1,0,0,0,0,0
1,FUN_0002d220,FUN_0002d220,0x0002d220,196,-1,0,0,0,0,0
1,FUN_0002d5f8,FUN_0002d5f8,0x0002d5f8,188,-1,0,0,0,0,0
1,FUN_0002e0bc,FUN_0002e0bc,0x0002e0bc,40,-1,0,0,0,0,0
1,FUN_0002e0e4,FUN_0002e0e4,0x0002e0e4,208,-1,0,0,0,0,0
1,FUN_0002e1b4,phys_FUN_0002e1b4,0x0002e1b4,184,-1,0,0,0,0,0
1,FUN_0002e500,FUN_0002e500,0x0002e500,40,-1,0,0,0,0,0
1,FUN_0002e528,FUN_0002e528,0x0002e528,104,-1,0,0,0,0,0
1,FUN_0002e590,FUN_0002e590,0x0002e590,216,-1,0,0,0,0,0
1,FUN_0002e820,FUN_0002e820,0x0002e820,68,-1,0,0,0,0,0
1,FUN_0002e864,FUN_0002e864,0x0002e864,36,-1,0,0,0,0,0
1,FUN_0002e888,FUN_0002e888,0x0002e888,36,-1,0,0,0,0,0
1,FUN_0002e8ac,FUN_0002e8ac,0x0002e8ac,72,-1,0,0,0,0,0
1,FUN_0002eeb8,FUN_0002eeb8,0x0002eeb8,120,-1,0,0,0,0,0
1,FUN_0002ef68,FUN_0002ef68,0x0002ef68,32,-1,0,0,0,0,0
1,FUN_0002f598,FUN_0002f598,0x0002f598,124,-1,0,0,0,0,0
1,FUN_0002f614,FUN_0002f614,0x0002f614,192,-1,0,0,0,0,0
1,FUN_0002f8b4,FUN_0002f8b4,0x0002f8b4,212,-1,0,0,0,0,0
1,FUN_00030b38,FUN_00030b38,0x00030b38,100,-1,0,0,0,0,0
1,FUN_000315c8,FUN_000315c8,0x000315c8,120,-1,0,0,0,0,0
1,FUN_00031640,FUN_00031640,0x00031640,136,-1,0,0,0,0,0
1,FUN_000316c8,FUN_000316c8,0x000316c8,220,-1,0,0,0,0,0
1,FUN_000317a4,FUN_000317a4,0x000317a4,84,-1,0,0,0,0,0
1,FUN_00031844,FUN_00031844,0x00031844,144,-1,0,0,0,0,0
1,FUN_00032630,FUN_00032630,0x00032630,140,-1,0,0,0,0,0
1,FUN_00032844,FUN_00032844,0x00032844,40,-1,0,0,0,0,0
1,FUN_00033368,FUN_00033368,0x00033368,52,-1,0,0,0,0,0
1,FUN_000335b8,FUN_000335b8,0x000335b8,84,-1,0,0,0,0,0
1,FUN_00035534,FUN_00035534,0x00035534,256,-1,0,0,0,0,0
1,FUN_00037054,FUN_00037054,0x00037054,192,-1,0,0,0,0,0
1,FUN_000377f0,FUN_000377f0,0x000377f0,52,-1,0,0,0,0,0
1,FUN_00037824,FUN_00037824,0x00037824,100,-1,0,0,0,0,0
1,FUN_00037888,FUN_00037888,0x00037888,84,-1,0,0,0,0,0
1,FUN_00037c10,FUN_00037c10,0x00037c10,52,-1,0,0,0,0,0
1,FUN_00037c44,FUN_00037c44,0x00037c44,84,-1,0,0,0,0,0
1,FUN_00037c98,FUN_00037c98,0x00037c98,84,-1,0,0,0,0,0
1,FUN_00037cec,FUN_00037cec,0x00037cec,48,-1,0,0,0,0,0
1,FUN_00037e2c,FUN_00037e2c,0x00037e2c,52,-1,0,0,0,0,0
1,FUN_00037e60,FUN_00037e60,0x00037e60,212,-1,0,0,0,0,0
1,FUN_00037f34,FUN_00037f34,0x00037f34,84,-1,0,0,0,0,0
1,FUN_000382e0,FUN_000382e0,0x000382e0,136,-1,0,0,0,0,0
1,FUN_000384ac,FUN_000384ac,0x000384ac,52,-1,0,0,0,0,0
1,FUN_000384e0,FUN_000384e0,0x000384e0,216,-1,0,0,0,0,0
1,FUN_000385b8,FUN_000385b8,0x000385b8,84,-1,0,0,0,0,0
1,FUN_00039334,FUN_00039334,0x00039334,136,-1,0,0,0,0,0
1,FUN_000394e4,FUN_000394e4,0x000394e4,192,-1,0,0,0,0,0
1,FUN_000395a4,FUN_000395a4,0x000395a4,52,-1,0,0,0,0,0
1,FUN_000395d8,FUN_000395d8,0x000395d8,136,-1,0,0,0,0,0
1,FUN_00039660,FUN_00039660,0x00039660,84,-1,0,0,0,0,0
1,FUN_000397c0,FUN_000397c0,0x000397c0,132,-1,0,0,0,0,0
1,FUN_00039844,FUN_00039844,0x00039844,52,-1,0,0,0,0,0
1,FUN_00039878,FUN_00039878,0x00039878,80,-1,0,0,0,0,0
1,FUN_000398c8,FUN_000398c8,0x000398c8,84,-1,0,0,0,0,0
1,FUN_00039f30,FUN_00039f30,0x00039f30,60,-1,0,0,0,0,0
1,FUN_00039f6c,FUN_00039f6c,0x00039f6c,104,-1,0,0,0,0,0
1,FUN_00039fd4,FUN_00039fd4,0x00039fd4,32,-1,0,0,0,0,0
1,FUN_00039ff4,FUN_00039ff4,0x00039ff4,32,-1,0,0,0,0,0
1,FUN_0003ab08,FUN_0003ab08,0x0003ab08,76,-1,0,0,0,0,0
1,FUN_0003ae44,FUN_0003ae44,0x0003ae44,120,-1,0,0,0,0,0
1,FUN_0003aebc,FUN_0003aebc,0x0003aebc,52,-1,0,0,0,0,0
1,FUN_0003aef0,FUN_0003aef0,0x0003aef0,84,-1,0,0,0,0,0
1,FUN_0003b21c,FUN_0003b21c,0x0003b21c,72,-1,0,0,0,0,0
1,FUN_0003b878,FUN_0003b878,0x0003b878,52,-1,0,0,0,0,0
1,FUN_0003b8ac,FUN_0003b8ac,0x0003b8ac,180,-1,0,0,0,0,0
1,FUN_0003b960,FUN_0003b960,0x0003b960,84,-1,0,0,0,0,0
1,FUN_0003c6b4,FUN_0003c6b4,0x0003c6b4,152,-1,0,0,0,0,0
1,FUN_0003c9b8,FUN_0003c9b8,0x0003c9b8,136,-1,0,0,0,0,0
1,FUN_0003cb68,FUN_0003cb68,0x0003cb68,192,-1,0,0,0,0,0
1,FUN_0003cdbc,FUN_0003cdbc,0x0003cdbc,52,-1,0,0,0,0,0
1,FUN_0003cdf0,FUN_0003cdf0,0x0003cdf0,244,-1,0,0,0,0,0
1,FUN_0003d368,FUN_0003d368,0x0003d368,224,-1,0,0,0,0,0
1,FUN_0003d8e8,FUN_0003d8e8,0x0003d8e8,8,-1,0,0,0,0,1
1,FUN_0003d920,suspect_FUN_0003d920,0x0003d920,100,-1,0,0,0,0,2
1,FUN_0003dcf4,FUN_0003dcf4,0x0003dcf4,72,-1,0,0,0,0,0
1,FUN_0003debc,FUN_0003debc,0x0003debc,108,-1,0,0,0,0,0
1,FUN_0003e494,suspect_FUN_0003e494,0x0003e494,32,-1,0,0,0,0,5
1,FUN_0003e4b4,suspect_FUN_0003e4b4,0x0003e4b4,148,-1,0,0,0,0,8
1,FUN_0003e670,FUN_0003e670,0x0003e670,156,-1,0,0,0,0,0
1,FUN_0003e7c0,FUN_0003e7c0,0x0003e7c0,48,-1,0,0,0,0,1
1,FUN_0003e810,FUN_0003e810,0x0003e810,40,-1,0,0,0,0,0
1,FUN_0003e9cc,FUN_0003e9cc,0x0003e9cc,116,-1,0,0,0,0,1
1,FUN_0003ecb0,FUN_0003ecb0,0x0003ecb0,88,-1,0,0,0,0,0
1,FUN_0003ed08,FUN_0003ed08,0x0003ed08,140,-1,0,0,0,0,0
1,FUN_0003ed94,FUN_0003ed94,0x0003ed94,40,-1,0,0,0,0,0
1,FUN_0003edbc,FUN_0003edbc,0x0003edbc,136,-1,0,0,0,0,0
1,FUN_0003ee44,FUN_0003ee44,0x0003ee44,72,-1,0,0,0,0,0
1,FUN_0003ee8c,FUN_0003ee8c,0x0003ee8c,208,-1,0,0,0,0,0
1,FUN_0003ef5c,FUN_0003ef5c,0x0003ef5c,40,-1,0,0,0,0,0
1,FUN_0003f408,FUN_0003f408,0x0003f408,172,-1,0,0,0,0,1
1,FUN_0003facc,FUN_0003facc,0x0003facc,68,-1,0,0,0,0,0
1,FUN_0003fb10,FUN_0003fb10,0x0003fb10,36,-1,0,0,0,0,0
1,FUN_0003fb34,FUN_0003fb34,0x0003fb34,36,-1,0,0,0,0,0
1,FUN_000401ec,suspect_FUN_000401ec,0x000401ec,136,-1,0,0,0,0,7
1,FUN_000402e0,phys_FUN_000402e0,0x000402e0,92,-1,0,0,0,0,9
1,FUN_0004033c,phys_FUN_0004033c,0x0004033c,236,-1,0,0,0,0,7
1,FUN_000404ac,FUN_000404ac,0x000404ac,96,-1,0,0,0,0,0
1,FUN_0004050c,FUN_0004050c,0x0004050c,112,-1,0,0,0,0,0
1,FUN_0004057c,FUN_0004057c,0x0004057c,180,-1,0,0,0,0,0
1,FUN_00040630,phys_FUN_00040630,0x00040630,124,-1,0,0,0,0,0
1,FUN_00040a4c,phys_FUN_00040a4c,0x00040a4c,76,-1,0,0,0,0,0
1,FUN_0004126c,FUN_0004126c,0x0004126c,24,-1,0,0,0,0,1
1,FUN_000413a4,FUN_000413a4,0x000413a4,64,-1,0,0,0,0,1
1,FUN_00041944,FUN_00041944,0x00041944,32,-1,0,0,0,0,0
1,FUN_00041978,FUN_00041978,0x00041978,40,-1,0,0,0,0,0
1,FUN_000419a0,FUN_000419a0,0x000419a0,32,-1,0,0,0,0,0
1,FUN_000419c0,FUN_000419c0,0x000419c0,32,-1,0,0,0,0,0
1,FUN_00041edc,FUN_00041edc,0x00041edc,236,-1,0,0,0,0,0
1,FUN_000423fc,FUN_000423fc,0x000423fc,84,-1,0,0,0,0,0
1,FUN_00042450,FUN_00042450,0x00042450,200,-1,0,0,0,0,0
1,FUN_000426e8,FUN_000426e8,0x000426e8,92,-1,0,0,0,0,0
1,FUN_00042b44,FUN_00042b44,0x00042b44,40,-1,0,0,0,0,0
1,FUN_00042b6c,FUN_00042b6c,0x00042b6c,136,-1,0,0,0,0,0
1,FUN_00042bf4,FUN_00042bf4,0x00042bf4,108,-1,0,0,0,0,0
1,FUN_00042c60,FUN_00042c60,0x00042c60,184,-1,0,0,0,0,0
1,FUN_00042d18,FUN_00042d18,0x00042d18,204,-1,0,0,0,0,0
1,FUN_00042de4,FUN_00042de4,0x00042de4,40,-1,0,0,0,0,0
1,FUN_00042f48,FUN_00042f48,0x00042f48,68,-1,0,0,0,0,0
1,FUN_00042f8c,FUN_00042f8c,0x00042f8c,36,-1,0,0,0,0,0
1,FUN_00042fb0,FUN_00042fb0,0x00042fb0,36,-1,0,0,0,0,0
1,FUN_00042fd4,FUN_00042fd4,0x00042fd4,188,-1,0,0,0,0,0
1,FUN_00043048,FUN_00043048,0x00043048,20,-1,0,0,0,0,1
1,FUN_0004355c,FUN_0004355c,0x0004355c,96,-1,0,0,0,0,0
1,FUN_000435bc,FUN_000435bc,0x000435bc,108,-1,0,0,0,0,0
1,FUN_00043628,FUN_00043628,0x00043628,200,-1,0,0,0,0,0
1,FUN_00043700,FUN_00043700,0x00043700,72,-1,0,0,0,0,0
1,FUN_00043a94,FUN_00043a94,0x00043a94,32,-1,0,0,0,0,1
1,FUN_000442ec,FUN_000442ec,0x000442ec,204,-1,0,0,0,0,0
1,FUN_00044870,FUN_00044870,0x00044870,156,-1,0,0,0,0,0
1,FUN_0004490c,FUN_0004490c,0x0004490c,156,-1,0,0,0,0,0
1,FUN_00045a00,FUN_00045a00,0x00045a00,128,-1,0,0,0,0,0
1,FUN_00045df0,FUN_00045df0,0x00045df0,32,-1,0,0,0,0,0
1,FUN_00045f94,FUN_00045f94,0x00045f94,144,-1,0,0,0,0,0
1,FUN_00046498,FUN_00046498,0x00046498,100,-1,0,0,0,0,0
1,FUN_000475a0,FUN_000475a0,0x000475a0,60,-1,0,0,0,0,0
1,FUN_00048f20,FUN_00048f20,0x00048f20,208,-1,0,0,0,0,0
1,FUN_00048ff0,FUN_00048ff0,0x00048ff0,84,-1,0,0,0,0,0
1,FUN_00049044,FUN_00049044,0x00049044,60,-1,0,0,0,0,0
1,FUN_00049080,FUN_00049080,0x00049080,52,-1,0,0,0,0,0
1,FUN_000490f4,FUN_000490f4,0x000490f4,104,-1,0,0,0,0,0
1,FUN_0004998c,FUN_0004998c,0x0004998c,64,-1,0,0,0,0,0
1,FUN_000499cc,FUN_000499cc,0x000499cc,132,-1,0,0,0,0,0
1,FUN_00049a50,FUN_00049a50,0x00049a50,84,-1,0,0,0,0,0
1,FUN_00049aa4,FUN_00049aa4,0x00049aa4,52,-1,0,0,0,0,0
1,FUN_00049ae0,FUN_00049ae0,0x00049ae0,84,-1,0,0,0,0,0
1,FUN_00049b34,FUN_00049b34,0x00049b34,52,-1,0,0,0,0,0
1,FUN_00049cd0,FUN_00049cd0,0x00049cd0,84,-1,0,0,0,0,0
1,FUN_00049d24,FUN_00049d24,0x00049d24,64,-1,0,0,0,0,0
1,FUN_00049d64,FUN_00049d64,0x00049d64,60,-1,0,0,0,0,0
1,FUN_00049da0,FUN_00049da0,0x00049da0,48,-1,0,0,0,0,0
1,FUN_00049dd0,FUN_00049dd0,0x00049dd0,60,-1,0,0,0,0,0
1,FUN_00049e0c,FUN_00049e0c,0x00049e0c,184,-1,0,0,0,0,0
1,FUN_00049ec4,FUN_00049ec4,0x00049ec4,84,-1,0,0,0,0,0
1,FUN_00049f18,FUN_00049f18,0x00049f18,72,-1,0,0,0,0,0
1,FUN_00049f60,FUN_00049f60,0x00049f60,64,-1,0,0,0,0,0
1,FUN_00049fa0,FUN_00049fa0,0x00049fa0,184,-1,0,0,0,0,0
1,FUN_00054264,FUN_00054264,0x00054264,36,-1,0,0,0,0,2
1,FUN_00054288,FUN_00054288,0x00054288,32,-1,0,0,0,0,1
1,FUN_000542d0,FUN_000542d0,0x000542d0,68,-1,0,0,0,0,1
1,FUN_00054408,FUN_00054408,0x00054408,36,-1,0,0,0,0,1
1,FUN_0005442c,FUN_0005442c,0x0005442c,68,-1,0,0,0,0,1
1,FUN_000544bc,FUN_000544bc,0x000544bc,68,-1,0,0,0,0,1
1,FUN_00054518,suspect_FUN_00054518,0x00054518,12,-1,0,0,0,0,8
1,FUN_00054524,FUN_00054524,0x00054524,56,-1,0,0,0,0,2
